Project	Language Code	Prefix	Edits	Editors	Pages	Bytes removed (30d)	Bytes added (30d)	Avg monthly edits	Avg monthly editors
Wikipedia	nup	Wp/nup	4888	43	27816	-1687	629	436	15
Wikipedia	btm	Wp/btm	6845	139	0	0	2091	196	13
Wiktionary	mad	Wt/mad	7137	22	35203	-225	5479	324	12
Wikipedia	rsk	Wp/rsk	3942	28	275822	-25620	416	408	12
Wikipedia	dtp	Wp/dtp	8512	118	0	-22	2000	463	12
Wikipedia	cak	Wp/cak	1390	131	89	0	298	21	11
Wikipedia	iba	Wp/iba	2167	50	5105599	-12671	908	175	11
Wikiquote	gor	Wq/gor	2634	21	72691	-553	296	559	11
Wikipedia	knc	Wp/knc	14192	79	17963	-1544	1286	500	10
Wikivoyage	cs	Wy/cs	5295	136	19482	-410	697	308	9
Wikinews	shn	Wn/shn	5237	23	214299	-4828	2326	443	9
Wiktionary	kaa	Wt/kaa	11086	26	0	0	5497	1449	8
Wikipedia	syl	Wp/syl	12891	74	172979	-216	2536	141	8
Wiktionary	guc	Wt/guc	1983	50	0	0	753	177	7
Wikipedia	mnc	Wp/mnc	22290	168	13660	-73	2907	63	7
Wikivoyage	id	Wy/id	18351	143	69642	-1674	2519	104	7
Wikipedia	kus	Wp/kus	9537	66	0	0	1386	32	6
Wikipedia	ppl	Wp/ppl	3577	101	60146	-380	471	50	6
Wikipedia	lua	Wp/lua	970	22	3636	-10	299	94	6
Wikipedia	tdd	Wp/tdd	3251	45	71515	-13068	884	248	6
Wikipedia	kge	Wp/kge	11817	33	464341	-6764	2290	724	6
Wiktionary	bew	Wt/bew	1468	19	8875	-182	732	139	5
Wikivoyage	hbs	Wy/hbs	3285	38	165377	-238	258	53	5
Wikipedia	mjx	Wp/mjx	143	8	1067	0	44	70	5
Wikipedia	chn	Wp/chn	3514	38	0	0	346	409	5
Wikiquote	ha	Wq/ha	7160	46	113622	-579	1135	525	5
Wikivoyage	syl	Wy/syl	3367	20	55444	-805	705	160	5
Wikipedia	rki	Wp/rki	7949	48	153383	-82	2553	184	5
Wikiquote	ms	Wq/ms	1825	97	14676	-21	775	77	5
Wikipedia	isv	Wp/isv	149	8	0	-4	78	74	5
Wikipedia	bew	Wp/bew	12070	93	0	0	2842	125	5
Wikiquote	syl	Wq/syl	2619	15	74011	-348	537	124	5
Wiktionary	ary	Wt/ary	5073	29	37425	-474	1991	186	5
Wikipedia	grc	Wp/grc	24192	310	14887	-4851	3776	132	5
Wikipedia	nr	Wp/nr	976	47	48396	-855	225	45	4
Wikibooks	nia	Wb/nia	9322	40	156734	-17670	2052	129	4
Wikivoyage	diq	Wy/diq	8831	92	14	-60	1903	56	4
Wikipedia	vmf	Wp/vmf	5424	277	43	-94	396	12	4
Wikipedia	sdc	Wp/sdc	18253	95	909	0	2444	14	4
Wiktionary	bto	Wt/bto	682	20	0	0	223	29	4
Wiktionary	syl	Wt/syl	3613	19	26555	0	2029	74	4
Wikipedia	ryu	Wp/ryu	10665	211	429	-310	2981	8	4
Wikipedia	kri	Wp/kri	2377	59	1394	-170	1323	99	4
Wikinews	syl	Wn/syl	4843	24	194836	-2	1077	85	4
Wikipedia	bdr	Wp/bdr	2553	48	41484	-1590	1004	98	4
Wikipedia	kck	Wp/kck	1109	23	0	-226	428	112	4
Wikipedia	mag	Wp/mag	11260	17	2515845	-66991	4407	1603	4
Wikipedia	jje	Wp/jje	4007	63	0	-5	951	4	4
Wikibooks	syl	Wb/syl	2277	18	43794	-1	450	101	4
Wikipedia	vai	Wp/vai	246	35	23064	-4820	72	11	4
Wikipedia	na	Wp/na	53597	1074	133	-48	2292	6	4
Wikipedia	apc	Wp/apc	798	42	0	-2	150	15	3
Wikinews	bn	Wn/bn	7268	65	99252	-44498	1574	498	3
Wikipedia	nit	Wp/nit	2187	17	10289	-94	214	81	3
Wikinews	ms	Wn/ms	3211	58	243675	-123	927	278	3
Wikipedia	grt	Wp/grt	9	3	0	0	3	9	3
Wikipedia	ojb	Wp/ojb	838	26	0	0	189	49	3
Wikipedia	ekp	Wp/ekp	12	4	2943	-2669	6	5	3
Wikipedia	igl	Wp/igl	22505	82	0	0	722	8	3
Wikipedia	khw	Wp/khw	27959	264	138	-299	10021	11	3
Wikinews	ka	Wn/ka	1891	37	0	0	610	5	3
Wikibooks	bcl	Wb/bcl	267	13	15777	-26	110	46	3
Wikiquote	sw	Wq/sw	777	44	129	0	508	59	3
Wikipedia	ann	Wp/ann	2652	42	4881	-211	443	37	3
Wikipedia	cnr	Wp/cnr	12987	148	726	0	2065	24	3
Wikipedia	xkv	Wp/xkv	133	11	43	0	54	9	3
Wiktionary	iba	Wt/iba	19	3	0	0	4	19	3
Wikivoyage	ar	Wy/ar	7909	386	24	-1035	1599	20	3
Wikipedia	mrt	Wp/mrt	1229	10	100535	-811	150	512	3
Wikipedia	krl	Wp/krl	9270	174	455	-455	2023	3	3
Wiktionary	ami	Wt/ami	18	5	0	-38	4	13	3
Wikiquote	sh	Wq/sh	255	14	0	0	73	5	3
Wikipedia	yua	Wp/yua	9292	197	919	-764	1279	6	3
Wikipedia	qug	Wp/qug	8455	70	0	0	1325	11	3
Wiktionary	tcy	Wt/tcy	7471	37	0	0	2622	27	3
Wikinews	id	Wn/id	1345	76	0	0	351	8	3
Wikipedia	dar	Wp/dar	2749	66	0	0	526	16	2
Wikipedia	fvr	Wp/fvr	172	8	0	0	59	5	2
Wikibooks	ckb	Wb/ckb	16	9	0	0	4	6	2
Wikipedia	mak	Wp/mak	1547	39	0	0	410	3	2
Wikipedia	aa	Wp/aa	312	72	24200	-18	62	29	2
Wikipedia	arq	Wp/arq	26902	726	216	0	1329	4	2
Wikipedia	bkm	Wp/bkm	7	2	0	0	1	7	2
Wikipedia	tun	Wp/tun	239	12	2761	-133	31	29	2
Wikipedia	csn	Wp/csn	12	2	0	0	5	12	2
Wikipedia	wsg	Wp/wsg	1701	15	5062	-293	185	231	2
Wiktionary	lrc	Wt/lrc	8	2	0	0	6	8	2
Wikipedia	mos	Wp/mos	23304	113	1072	0	1427	28	2
Wikipedia	nod	Wp/nod	3643	57	43585	-29964	635	10	2
Wikivoyage	th	Wy/th	2536	59	252	-142	328	15	2
Wikinews	vi	Wn/vi	4552	127	0	0	1130	8	2
Wikipedia	sli	Wp/sli	10658	132	9545	-4953	1587	17	2
Wikipedia	jax	Wp/jax	769	29	2431	-46	144	14	2
Wikibooks	as	Wb/as	706	35	0	0	198	3	2
Wikipedia	kpy	Wp/kpy	29	7	0	0	7	3	2
Wikipedia	rif	Wp/rif	3910	123	1544	-127	509	21	2
Wikipedia	sip	Wp/sip	7	4	105	0	2	4	2
Wikipedia	bgc	Wp/bgc	768	17	0	0	617	13	2
Wikipedia	sro	Wp/sro	6709	25	1461	-128	1199	13	2
Wikipedia	bto	Wp/bto	5182	63	87	0	1898	2	2
Wikiquote	si	Wq/si	1644	16	9352	-114	464	80	2
Wikipedia	kjh	Wp/kjh	12630	116	1325	-144	2806	3	2
Wikivoyage	si	Wy/si	969	11	3066	0	298	32	2
Wikipedia	qwh	Wp/qwh	5045	60	79	0	807	3	2
Wikipedia	ain	Wp/ain	1409	72	0	0	184	4	2
Wikiquote	mag	Wq/mag	34	2	0	0	19	34	2
Wikibooks	gom	Wb/gom	6	2	0	0	4	6	2
Wiktionary	tyz	Wt/tyz	23	2	0	0	11	12	2
Wikinews	az	Wn/az	7443	82	0	0	2174	6	2
Wikipedia	bcc	Wp/bcc	5122	96	49	-14	1932	9	2
Wikipedia	snk	Wp/snk	2	2	0	0	2	2	2
Wikipedia	tyz	Wp/tyz	197	5	0	0	43	14	2
Wikipedia	gaa	Wp/gaa	565	37	0	0	119	5	2
Wikipedia	kai	Wp/kai	731	14	0	0	203	2	2
Wikipedia	kyu	Wp/kyu	10	5	0	0	5	3	2
Wikibooks	rue	Wb/rue	6	2	0	0	2	3	2
Wikivoyage	az	Wy/az	802	32	0	0	134	15	2
Wikivoyage	hu	Wy/hu	810	36	43	0	238	19	2
Wikipedia	prg	Wp/prg	621	46	0	0	127	5	2
Wikipedia	aae	Wp/aae	1377	14	0	0	372	16	2
Wikipedia	ase	Wp/ase	1583	37	0	0	361	2	2
Wikiquote	tn	Wq/tn	123	10	1872	0	47	4	2
Wiktionary	ba	Wt/ba	4987	47	0	0	1537	2	2
Wikipedia	wym	Wp/wym	1685	57	0	-17	229	8	2
Wiktionary	ht	Wt/ht	1710	38	3910	-1	557	46	2
Wikiquote	chy	Wq/chy	17	8	0	0	3	4	2
Wikipedia	nog	Wp/nog	9674	66	0	0	1126	3	2
Wikipedia	sus	Wp/sus	6	5	0	0	3	2	2
Wikipedia	bwr	Wp/bwr	202	16	0	0	68	12	2
Wikipedia	cpx	Wp/cpx	5893	56	0	0	2658	3	2
Wiktionary	lbe	Wt/lbe	2	2	0	0	2	2	2
Wikibooks	mni	Wb/mni	495	8	0	0	250	8	2
Wiktionary	zea	Wt/zea	9859	54	13491	-13	3401	103	2
Wikipedia	lue	Wp/lue	33	2	0	0	13	17	2
Wikipedia	sjd	Wp/sjd	1646	51	15001	-29	317	32	2
Wikipedia	bgn	Wp/bgn	19491	154	55	-24	7802	4	2
Wikibooks	ary	Wb/ary	5	2	0	0	2	5	2
Wikipedia	lou	Wp/lou	191	5	0	0	60	14	2
Wikibooks	syc	Wb/syc	8	4	0	0	2	2	2
Wikivoyage	ca	Wy/ca	1862	74	0	0	134	3	2
Wikivoyage	ko	Wy/ko	3884	147	524	0	477	11	2
Wikivoyage	sk	Wy/sk	1484	33	146	0	270	10	2
Wikipedia	ojs	Wp/ojs	37	5	0	0	23	4	2
Wiktionary	chy	Wt/chy	86	2	0	0	60	43	2
Wikipedia	yrl	Wp/yrl	731	41	0	0	155	18	2
Wikipedia	gju	Wp/gju	56	11	107	0	10	11	2
Wikinews	azb	Wn/azb	323	16	0	0	104	3	2
Wikinews	si	Wn/si	1224	28	15008	-7	380	46	2
Wikipedia	sdh	Wp/sdh	3605	62	0	0	929	3	2
Wikipedia	cho	Wp/cho	987	51	0	0	128	22	2
Wikipedia	tzm	Wp/tzm	5186	115	0	0	832	3	2
Wikipedia	yah	Wp/yah	38	12	0	0	20	2	2
Wiktionary	jax	Wt/jax	3	2	0	0	2	3	2
Wiktionary	mus	Wt/mus	65	2	0	0	60	33	2
Wikipedia	lar	Wp/lar	3	2	0	0	2	3	2
Wikinews	rue	Wn/rue	6	2	0	0	2	6	2
Wikipedia	hoc	Wp/hoc	456	37	1307	-8	116	21	2
Wikipedia	jpr	Wp/jpr	3	2	0	0	1	3	2
Wikipedia	kum	Wp/kum	6710	81	86	0	838	4	2
Wikivoyage	gu	Wy/gu	61	10	0	0	19	4	2
Wikivoyage	ml	Wy/ml	1955	65	91	-309	257	6	2
Wikipedia	arn	Wp/arn	4740	136	0	-11	625	15	2
Wikipedia	bin	Wp/bin	9	2	2338	-1346	4	4	2
Wikiquote	ne	Wq/ne	3307	29	0	0	516	9	2
Wikipedia	suz	Wp/suz	10	3	464	-33	3	2	2
Wikipedia	ttt	Wp/ttt	322	24	0	0	108	18	2
Wikipedia	wls	Wp/wls	3607	44	0	0	784	6	2
Wiktionary	gil	Wt/gil	61	2	0	0	44	61	2
Wikibooks	mnw	Wb/mnw	160	10	0	0	101	2	2
Wikivoyage	ace	Wy/ace	226	6	0	0	66	36	2
Wikipedia	luo	Wp/luo	122	16	0	0	46	2	2
Wikivoyage	da	Wy/da	2961	64	0	0	472	4	2
Wikivoyage	ta	Wy/ta	818	33	0	0	288	2	2
Wikipedia	aoa	Wp/aoa	7	2	0	0	2	7	2
Wikipedia	sla	Wp/sla	46	7	0	0	1	2	2
Wikipedia	wal	Wp/wal	1464	17	350410	-623	759	10	2
Wikivoyage	kri	Wy/kri	34	2	0	0	8	17	2
Wikipedia	isk	Wp/isk	22	2	0	0	16	11	2
Wikibooks	skr	Wb/skr	714	29	0	0	140	4	2
Wikipedia	cia	Wp/cia	13	2	0	0	8	13	2
Wiktionary	ce	Wt/ce	61	7	4058	-5	24	14	2
Wiktionary	mzn	Wt/mzn	129	17	0	0	69	2	2
Wikibooks	ga	Wb/ga	11	6	0	0	3	2	2
Wikipedia	mxt	Wp/mxt	740	35	0	0	119	2	2
Wikivoyage	ms	Wy/ms	287	23	0	0	93	11	2
Wikipedia	acm	Wp/acm	394	12	753	-40	127	20	2
Wikipedia	brh	Wp/brh	4584	68	8	0	1234	2	2
Wikiquote	olo	Wq/olo	1	1	0	0	1	1	1
Wikipedia	taj	Wp/taj	288	21	6	0	100	1	1
Wikipedia	chb	Wp/chb	483	9	0	0	69	1	1
Wikiquote	wuu	Wq/wuu	33	10	0	0	10	1	1
Wikipedia	txn	Wp/txn	1	1	0	0	1	1	1
Wikipedia	xmm	Wp/xmm	457	26	0	0	126	2	1
Wiktionary	igl	Wt/igl	17	3	1085	-38	9	1	1
Wikipedia	hrx	Wp/hrx	2729	37	52	0	392	4	1
Wiktionary	mh	Wt/mh	1579	7	0	0	677	14	1
Wikipedia	jra	Wp/jra	1	1	0	0	1	1	1
Wiktionary	ssf	Wt/ssf	1853	13	0	0	1453	1	1
Wikibooks	or	Wb/or	308	15	0	0	6	2	1
Wikivoyage	as	Wy/as	13	5	0	0	4	2	1
Wikinews	am	Wn/am	21	7	0	0	3	2	1
Wikipedia	mui	Wp/mui	1651	41	0	0	244	2	1
Wikinews	hnd	Wn/hnd	14	5	0	0	4	1	1
Wikivoyage	mnc	Wy/mnc	7	4	0	0	1	1	1
Wikinews	or	Wn/or	92	8	0	0	31	1	1
Wikivoyage	yi	Wy/yi	16	4	0	0	5	2	1
Wikipedia	rut	Wp/rut	101	25	0	0	14	1	1
Wikiquote	grc	Wq/grc	409	19	0	0	56	1	1
Wikipedia	smj	Wp/smj	266	19	0	0	66	2	1
Wikipedia	sxu	Wp/sxu	178	34	0	0	31	3	1
Wikipedia	bzs	Wp/bzs	254	28	0	0	13	4	1
Wikiquote	tk	Wq/tk	4	3	0	0	3	2	1
Wiktionary	av	Wt/av	72	15	0	0	24	1	1
Wikipedia	fit	Wp/fit	11009	85	512	0	1845	73	1
Wikiquote	ast	Wq/ast	257	26	0	0	42	5	1
Wikipedia	hil	Wp/hil	8272	79	13347	-183	2147	1	1
Wikipedia	jkr	Wp/jkr	15	1	0	0	13	15	1
Wikibooks	bcc	Wb/bcc	14	6	0	0	5	1	1
Wiktionary	sgh	Wt/sgh	2	1	0	0	1	2	1
Wikipedia	kru	Wp/kru	16	3	0	0	6	1	1
Wikivoyage	acm	Wy/acm	2	1	0	0	1	2	1
Wikipedia	lus	Wp/lus	3688	86	317	-361	756	1	1
Wikibooks	yo	Wb/yo	7	4	0	0	5	1	1
Wikinews	fur	Wn/fur	6	3	0	0	3	3	1
Wikivoyage	lt	Wy/lt	92	13	25	0	22	5	1
Wikinews	ne	Wn/ne	853	26	0	0	194	2	1
Wikipedia	pcc	Wp/pcc	34	13	0	0	8	3	1
Wikipedia	rmq	Wp/rmq	65	5	0	0	10	25	1
Wikiquote	dtp	Wq/dtp	7	3	0	0	3	1	1
Wikipedia	bhb	Wp/bhb	7	4	0	0	3	1	1
Wikiquote	my	Wq/my	337	12	0	0	114	1	1
Wikipedia	surzh	Wp/surzh	99	18	0	0	1	1	1
Wikipedia	btz	Wp/btz	151	23	0	0	26	5	1
Wikiquote	sva	Wq/sva	4	2	0	0	3	1	1
Wikipedia	tmz	Wp/tmz	8	3	0	0	1	1	1
Wikipedia	cps	Wp/cps	726	29	0	0	123	1	1
Wiktionary	aqc	Wt/aqc	1	1	0	0	1	1	1
Wikipedia	wbl	Wp/wbl	122	22	462	0	55	1	1
Wikipedia	ett	Wp/ett	10	5	0	0	1	1	1
Wiktionary	frp	Wt/frp	916	10	0	0	255	11	1
Wikiquote	ain	Wq/ain	11	4	0	0	3	3	1
Wikipedia	haa	Wp/haa	7	2	0	0	6	1	1
Wiktionary	kri	Wt/kri	24	2	0	0	13	8	1
Wiktionary	rut	Wt/rut	2	1	0	0	1	2	1
Wikibooks	mnc	Wb/mnc	114	7	0	0	38	9	1
Wiktionary	za	Wt/za	604	38	0	0	177	1	1
Wikibooks	uz	Wb/uz	35	16	0	0	14	1	1
Wikipedia	mnp	Wp/mnp	1039	35	869	0	370	2	1
Wikivoyage	ku	Wy/ku	43	11	0	0	9	1	1
Wikivoyage	su	Wy/su	86	8	0	0	35	3	1
Wikipedia	otk	Wp/otk	11	5	0	0	1	1	1
Wikinews	tl	Wn/tl	470	29	0	0	94	1	1
Wikipedia	aln	Wp/aln	592	51	0	0	130	2	1
Wikiquote	mni	Wq/mni	48	8	0	0	10	5	1
Wikipedia	tlh	Wp/tlh	19	8	0	0	2	2	1
Wikipedia	cmn	Wp/cmn	65	27	0	0	3	1	1
Wiktionary	ain	Wt/ain	98	6	0	0	14	1	1
Wikipedia	ess	Wp/ess	223	38	0	0	76	1	1
Wiktionary	dng	Wt/dng	1	1	0	0	1	1	1
Wikipedia	zmi	Wp/zmi	24	4	0	0	5	2	1
Wiktionary	kge	Wt/kge	88	5	0	0	27	15	1
Wikipedia	ist	Wp/ist	117	19	0	0	26	1	1
Wikibooks	am	Wb/am	12	5	0	0	5	4	1
Wiktionary	pag	Wt/pag	2406	8	0	0	2345	1	1
Wikibooks	lad	Wb/lad	728	17	0	0	353	7	1
Wiktionary	wuu	Wt/wuu	71267	36	0	0	34414	59	1
Wikipedia	lkt	Wp/lkt	1467	68	0	0	321	1	1
Wikibooks	snd	Wb/snd	2	1	0	0	2	2	1
Wikivoyage	bxr	Wy/bxr	4	2	0	0	2	2	1
Wikinews	be	Wn/be	810	21	5522	-5502	394	6	1
Wikivoyage	kk	Wy/kk	58	8	0	-24	19	1	1
Wikipedia	nd	Wp/nd	374	40	0	0	84	2	1
Wikinews	ky	Wn/ky	29	10	0	0	7	3	1
Wikinews	sva	Wn/sva	2	2	0	0	1	1	1
Wikipedia	ses	Wp/ses	33	7	0	0	17	1	1
Wikipedia	ber	Wp/ber	20	10	0	0	1	5	1
Wikipedia	brx	Wp/brx	1709	43	68	0	613	1	1
Wikiquote	rw	Wq/rw	18	6	0	0	6	1	1
Wikipedia	tin	Wp/tin	33	20	0	0	9	1	1
Wikipedia	ckt	Wp/ckt	2804	75	0	0	577	2	1
Wiktionary	ace	Wt/ace	45	15	0	0	10	1	1
Wikipedia	ulc	Wp/ulc	42	9	0	0	6	1	1
Wiktionary	cho	Wt/cho	2	1	0	0	2	2	1
Wikipedia	yrk	Wp/yrk	850	67	0	0	138	1	1
Wikipedia	gil	Wp/gil	337	24	0	0	61	1	1
Wiktionary	nap	Wt/nap	812	25	0	0	472	7	1
Wikipedia	liv	Wp/liv	10055	117	0	0	1092	1	1
Wikibooks	sd	Wb/sd	67	13	0	0	15	2	1
Wikivoyage	bcl	Wy/bcl	42	8	0	0	19	5	1
Wikipedia	mic	Wp/mic	1566	33	0	0	295	1	1
Wikivoyage	kaa	Wy/kaa	1	1	0	0	1	1	1
Wikipedia	myr	Wp/myr	9	3	0	0	3	1	1
Wikivoyage	ne	Wy/ne	215	18	0	0	42	2	1
Wikipedia	oaa	Wp/oaa	475	17	0	0	65	1	1
Wikipedia	pua	Wp/pua	115	16	0	0	17	1	1
Wikipedia	aeb	Wp/aeb	402	44	0	0	102	1	1
Wikiquote	kaa	Wq/kaa	4	3	0	0	3	1	1
Wikiquote	or	Wq/or	1805	42	0	-91	266	3	1
Wikipedia	tbz	Wp/tbz	7	2	0	0	4	1	1
Wikiquote	xmf	Wq/xmf	89	6	0	0	36	3	1
Wikipedia	dje	Wp/dje	3	2	0	0	2	2	1
Wikipedia	xsr	Wp/xsr	12	4	145	0	3	1	1
Wiktionary	ilo	Wt/ilo	29	7	0	0	9	1	1
Wikipedia	hsn	Wp/hsn	843	61	12809	-29	146	1	1
Wiktionary	mnc	Wt/mnc	22456	25	0	0	7695	1	1
Wikibooks	dtp	Wb/dtp	29	9	0	0	7	1	1
Wikipedia	mfb	Wp/mfb	134	15	0	0	24	1	1
Wikinews	ang	Wn/ang	145	18	0	0	36	1	1
Wikipedia	mus	Wp/mus	160	34	43	0	30	4	1
Wikinews	hr	Wn/hr	268	17	0	0	78	1	1
Wikivoyage	mni	Wy/mni	34	10	0	0	11	1	1
Wikinews	ppl	Wn/ppl	1926	29	0	0	226	2	1
Wikivoyage	yue	Wy/yue	391	40	0	0	134	7	1
Wikipedia	sms	Wp/sms	1776	25	0	0	295	1	1
Wikipedia	bol	Wp/bol	1710	46	57	0	469	2	1
Wikipedia	tuq	Wp/tuq	39	4	0	0	8	3	1
Wikipedia	czh	Wp/czh	17	7	0	0	9	2	1
Wikipedia	fkv	Wp/fkv	2866	53	0	0	643	3	1
Wikipedia	hne	Wp/hne	69	17	417	-9	29	1	1
Wikipedia	jpn	Wp/jpn	82	21	0	0	2	1	1
Wiktionary	shi	Wt/shi	1577	22	1339	-5	510	1	1
Wikipedia	ksw	Wp/ksw	1248	29	10812	-11	367	2	1
Wikibooks	olo	Wb/olo	1	1	0	0	1	1	1
Wikivoyage	af	Wy/af	141	7	0	0	80	2	1
Wikipedia	lzz	Wp/lzz	2443	59	0	-1	798	1	1
Wikinews	ace	Wn/ace	45	4	0	0	10	1	1
Wikivoyage	fit	Wy/fit	8	3	0	0	3	1	1
Wikipedia	mqm	Wp/mqm	1	1	0	0	1	1	1
Wikinews	gv	Wn/gv	5	2	0	0	1	4	1
Wikivoyage	lv	Wy/lv	1377	29	0	-27	319	1	1
Wikinews	nia	Wn/nia	232	8	0	0	70	7	1
Wikivoyage	tt	Wy/tt	311	18	49	0	106	4	1
Wikipedia	pdt	Wp/pdt	1793	62	0	0	322	3	1
Wikinews	wuu	Wn/wuu	60	9	0	0	18	1	1
Wikipedia	rop	Wp/rop	36	8	0	0	16	1	1
Wikipedia	aqc	Wp/aqc	155	5	63460	-395	79	2	1
Wikiquote	fat	Wq/fat	8	5	1186	-23	5	1	1
Wikipedia	slr	Wp/slr	1345	81	15	0	418	2	1
Wikipedia	bhh	Wp/bhh	109	12	0	0	32	17	1
Wikiquote	nap	Wq/nap	49	8	0	0	17	1	1
Wikipedia	trw	Wp/trw	44	9	175	0	15	1	1
Wiktionary	arn	Wt/arn	338	14	0	0	51	15	1
Wikipedia	wep	Wp/wep	33	10	0	0	14	2	1
Wikipedia	eve	Wp/eve	83	17	0	0	8	1	1
Wiktionary	gcf	Wt/gcf	190	10	0	0	90	2	1
Wikiquote	an	Wq/an	112	13	551	-26	36	1	1
Wikipedia	hac	Wp/hac	384	28	0	0	121	1	1
Wikipedia	jdt	Wp/jdt	116	26	0	0	37	5	1
Wikibooks	bal	Wb/bal	20	8	0	0	5	2	1
Wiktionary	sat	Wt/sat	10688	41	42401	-68	2138	1	1
Wikibooks	wuu	Wb/wuu	121	18	0	0	31	2	1
Wikivoyage	cy	Wy/cy	131	14	0	0	25	1	1
Wikipedia	mns	Wp/mns	694	32	0	0	130	1	1
Wikinews	cdo	Wn/cdo	6697	40	0	0	1065	1	1
Wikivoyage	ky	Wy/ky	55	8	0	0	12	6	1
Wikipedia	niv	Wp/niv	60	25	35	0	9	1	1
Wikinews	myv	Wn/myv	34	5	0	0	13	4	1
Wikipedia	otq	Wp/otq	14	8	0	0	7	1	1
Wikinews	tr	Wn/tr	121	14	0	0	52	1	1
Wikipedia	ssf	Wp/ssf	3118	57	0	0	1450	1	1
Wikipedia	bts	Wp/bts	15	4	0	0	3	7	1
Wikiquote	skr	Wq/skr	138	10	605	0	67	2	1
Wikipedia	tmh	Wp/tmh	6	4	0	0	1	1	1
Wiktionary	alu	Wt/alu	1	1	0	0	1	1	1
Wikipedia	vmw	Wp/vmw	3099	104	0	0	1011	7	1
Wikipedia	est	Wp/est	8	4	0	0	1	2	1
Wiktionary	dtp	Wt/dtp	112	12	0	0	41	1	1
Wikipedia	zza	Wp/zza	28	11	0	0	1	1	1
Wikipedia	gvr	Wp/gvr	21	9	41	0	6	1	1
Wiktionary	ki	Wt/ki	67	7	0	0	42	1	1
Wiktionary	pms	Wt/pms	9609	32	0	0	2756	2	1
Wikipedia	kjj	Wp/kjj	618	26	0	0	110	1	1
Wikibooks	mai	Wb/mai	7	3	0	0	1	4	1
Wiktionary	wym	Wt/wym	1023	8	25	0	545	163	1
Wikipedia	mkn	Wp/mkn	534	18	0	0	180	1	1
Wikinews	bgn	Wn/bgn	12	5	0	0	5	2	1
Wikipedia	nia	Wp/nia	13	6	0	0	1	3	1
Wikinews	lv	Wn/lv	10	3	0	0	6	3	1
Wikipedia	rad	Wp/rad	157	2	1229	-20	27	22	1
Wikipedia	akb	Wp/akb	47	16	0	0	7	4	1
Wikipedia	sgh	Wp/sgh	302	32	833	-30	102	8	1
Wikiquote	mk	Wq/mk	22	4	0	0	5	1	1
Wikipedia	btd	Wp/btd	92	23	0	0	18	6	1
Wikiquote	sd	Wq/sd	30	9	0	0	9	2	1
Wikipedia	tkl	Wp/tkl	395	35	0	0	126	1	1
Wikipedia	ckv	Wp/ckv	423	19	0	0	125	1	1
Wiktionary	acm	Wt/acm	27	2	0	-5	8	26	1
Wikipedia	uln	Wp/uln	45	8	0	0	10	2	1
Wikipedia	elm	Wp/elm	26	7	0	0	8	1	1
Wiktionary	kab	Wt/kab	1208	36	0	0	461	3	1
Wikipedia	ii	Wp/ii	2801	74	0	-9	910	5	1
Wiktionary	oaa	Wt/oaa	449	4	0	0	145	1	1
Wikipedia	kim	Wp/kim	17	4	0	0	4	3	1
Wikibooks	ha	Wb/ha	40	19	0	0	13	1	1
Wiktionary	tzm	Wt/tzm	36	10	0	0	15	1	1
Wikipedia	ljp	Wp/ljp	96	24	0	0	24	3	1
Wikibooks	se	Wb/se	138	13	0	0	31	2	1
Wikivoyage	be	Wy/be	403	31	6895	0	96	3	1
Wikipedia	min	Wp/min	7	6	0	0	1	1	1
Wikivoyage	ki	Wy/ki	8	3	0	0	3	6	1
Wikipedia	mzs	Wp/mzs	216	12	0	0	87	1	1
Wikinews	kaa	Wn/kaa	275	7	0	0	113	2	1
Wikivoyage	pa	Wy/pa	91	9	0	0	38	20	1
Wikipedia	oac	Wp/oac	23	8	0	0	8	1	1
Wikipedia	pzh	Wp/pzh	2808	21	0	0	563	2	1
Wikipedia	agx	Wp/agx	53	26	0	0	11	1	1
Wikiquote	kge	Wq/kge	54	3	0	0	20	1	1
Wikipedia	srb	Wp/srb	15	6	0	0	7	1	1
Wikiquote	pa	Wq/pa	225	20	0	0	52	1	1
Wikiquote	yue	Wq/yue	1266	40	0	0	427	3	1
Wikipedia	dng	Wp/dng	517	54	0	0	141	6	1
Wiktionary	cbk	Wt/cbk	330	7	0	0	109	2	1
Wikipedia	gay	Wp/gay	77	21	0	0	12	1	1
Wikibooks	ee	Wb/ee	1	1	0	0	1	1	1
Wiktionary	tay	Wt/tay	19	5	0	0	12	1	1
Wikibooks	sat	Wb/sat	30	6	0	0	12	1	1
Wikivoyage	azb	Wy/azb	1623	25	26	0	733	4	1
Wikipedia	mfe	Wp/mfe	520	45	0	0	110	1	1
Wikinews	anp	Wn/anp	144	10	0	0	70	3	1
Wikivoyage	hy	Wy/hy	628	56	34	0	160	2	1
Wikipedia	mvf	Wp/mvf	643	43	0	0	106	2	1
Wikinews	hu	Wn/hu	7483	160	0	0	1150	1	1
Wikivoyage	mr	Wy/mr	813	24	0	0	136	3	1
Wikipedia	nxq	Wp/nxq	4	2	0	0	2	1	1
Wikipedia	pse	Wp/pse	121	36	0	0	53	1	1
Wikipedia	abq	Wp/abq	128	32	0	0	25	1	1
Wikipedia	saz	Wp/saz	51	19	0	0	15	1	1
Wikipedia	atv	Wp/atv	202	52	0	0	36	3	1
Wikiquote	jax	Wq/jax	1	1	0	0	1	1	1
Wikipedia	smw	Wp/smw	28	15	0	0	9	5	1
Wikipedia	bph	Wp/bph	10	5	0	0	4	1	1
Wikipedia	tab	Wp/tab	99	32	0	0	16	1	1
Wikipedia	ccp	Wp/ccp	148	22	55	0	33	2	1
Wikiquote	tt	Wq/tt	2227	38	224	0	342	9	1
Wikipedia	tvx	Wp/tvx	6052	13	0	-53	1403	1	1
Wikipedia	czo	Wp/czo	100	7	0	0	48	2	1
Wiktionary	ban	Wt/ban	2720	52	0	0	1003	10	1
Wikipedia	frs	Wp/frs	1154	14	0	0	195	2	1
Wikiquote	ckb	Wq/ckb	260	14	0	0	62	1	1
Wiktionary	mag	Wt/mag	69	2	256536	0	35	8	1
Wikibooks	bhi	Wb/bhi	6	4	0	0	3	1	1
Wiktionary	sn	Wt/sn	2848	7	266	0	1557	126	1
Wikibooks	om	Wb/om	33	6	0	0	8	5	1
Wikinews	af	Wn/af	301	17	0	0	134	1	1
Wikinews	hi	Wn/hi	1092	53	0	0	270	1	1
Wikipedia	non	Wp/non	745	57	62	0	120	1	1
Wikinews	om	Wn/om	15	3	0	0	3	11	1
Wikivoyage	ur	Wy/ur	809	25	0	0	284	2	1
Wikipedia	phr	Wp/phr	263	19	9844	-75	70	59	1
Wikinews	yue	Wn/yue	641	36	0	0	180	1	1
Wikipedia	sma	Wp/sma	976	57	0	0	231	1	1
Wikipedia	bzj	Wp/bzj	746	18	0	0	242	11	1
Wikipedia	crx	Wp/crx	1	1	0	0	1	1	1
Wikipedia	evn	Wp/evn	345	52	0	0	49	1	1
Wikiquote	ary	Wq/ary	2	2	0	0	2	1	1
Wikipedia	har	Wp/har	1	1	0	0	1	1	1
Wiktionary	lfn	Wt/lfn	546	12	0	0	130	1	1
Wikibooks	ban	Wb/ban	8	4	0	0	6	1	1
Wiktionary	sco	Wt/sco	6216	297	0	0	1734	1	1
Wikibooks	yi	Wb/yi	101	8	0	0	15	6	1
Wikipedia	mor	Wp/mor	4	2	0	0	3	3	1
Wikinews	ee	Wn/ee	4	2	0	0	1	1	1
Wikivoyage	la	Wy/la	578	21	0	0	95	2	1
Wikipedia	njo	Wp/njo	165	19	0	0	14	1	1
Wikinews	nap	Wn/nap	87	9	0	0	25	4	1
Wikipedia	pal	Wp/pal	8	4	0	0	1	1	1
Wikinews	ur	Wn/ur	8886	32	0	0	4007	1	1
Wikipedia	rmc	Wp/rmc	7113	35	0	-3263	1788	71	1
Wikipedia	bgp	Wp/bgp	57	16	0	0	19	3	1
Wikiquote	mt	Wq/mt	18	4	982	-242	13	2	1
Wikipedia	std	Wp/std	1	1	0	0	1	1	1
Wikipedia	btx	Wp/btx	50	18	45	-1108	11	6	1
Wikiquote	sn	Wq/sn	133	3	0	0	51	8	1
Wikipedia	tmr	Wp/tmr	959	26	0	0	157	35	1
Wikipedia	cop	Wp/cop	9803	96	1496	-122	1722	96	1
Wikipedia	esu	Wp/esu	1483	35	0	0	312	1	1
Wiktionary	evn	Wt/evn	75	4	0	0	27	1	1
Wikiquote	aa	Wq/aa	6	2	21	0	3	4	1
Wikipedia	gyn	Wp/gyn	97	7	0	0	15	1	1
Wiktionary	knc	Wt/knc	272	4	5215	-102	68	7	1
Wikipedia	izh	Wp/izh	334	43	1743	0	20	5	1
Wikibooks	arz	Wb/arz	38	8	0	0	5	1	1
Wiktionary	rm	Wt/rm	24	6	0	0	16	2	1
Wikibooks	mh	Wb/mh	1	1	0	0	1	1	1
Wiktionary	xkv	Wt/xkv	4	2	0	0	1	3	1
Wikipedia	lrc	Wp/lrc	229	23	226	0	90	1	1
Wikivoyage	co	Wy/co	65	8	0	0	12	2	1
Wikinews	bjn	Wn/bjn	14	5	0	0	9	1	1
Wikipedia	niq	Wp/niq	387	9	0	0	127	3	1
Wikinews	mni	Wn/mni	140	9	0	0	40	1	1
Wikivoyage	sq	Wy/sq	88	14	0	0	19	3	1
Wikipedia	orh	Wp/orh	42	5	0	0	6	1	1
Wikinews	tg	Wn/tg	803	18	0	0	419	1	1
Wikipedia	rhg	Wp/rhg	28	8	0	0	13	1	1
Wikipedia	akk	Wp/akk	36	7	0	0	7	1	1
Wikipedia	sgy	Wp/sgy	6	1	0	0	5	6	1
Wikipedia	bfa	Wp/bfa	9	4	0	0	5	1	1
Wikiquote	mnc	Wq/mnc	65	6	0	0	15	1	1
Wikipedia	tkr	Wp/tkr	39	17	0	0	9	1	1
Wikipedia	clw	Wp/clw	72	29	0	0	12	1	1
Wiktionary	aer	Wt/aer	72	1	0	0	30	50	1
Wikipedia	enf	Wp/enf	631	26	0	0	195	1	1
Wiktionary	crh	Wt/crh	970	14	0	0	270	1	1
Wiktionary	ket	Wt/ket	1	1	0	0	1	1	1
Wikibooks	agx	Wb/agx	1	1	0	0	1	1	1
Wiktionary	ota	Wt/ota	31	12	0	0	10	5	1
Wikipedia	kip	Wp/kip	1426	19	56	-127	158	1	1
Wikibooks	khw	Wb/khw	17	7	0	0	10	4	1
Wiktionary	ve	Wt/ve	104	1	229	0	94	94	1
Wikipedia	lki	Wp/lki	7081	67	39	0	3259	4	1
Wikivoyage	bg	Wy/bg	494	26	39	-65	127	2	1
Wikipedia	mjw	Wp/mjw	13	3	0	0	4	1	1
Wikinews	bcc	Wn/bcc	39	10	0	0	18	1	1
Wikivoyage	kjh	Wy/kjh	3	1	0	0	3	3	1
Wikinews	km	Wn/km	3	2	0	0	1	1	1
Wikivoyage	ryu	Wy/ryu	308	15	0	0	110	1	1
Wikipedia	oj	Wp/oj	14	5	0	0	2	1	1
Wikinews	skr	Wn/skr	226	20	0	0	79	3	1
Wikipedia	aii	Wp/aii	164	12	18177	-158	59	1	1
Wikipedia	sel	Wp/sel	522	30	3584	0	141	17	1
Wikipedia	bem	Wp/bem	5	5	0	0	3	1	1
Wikiquote	khw	Wq/khw	42	8	0	0	16	6	1
Wikipedia	srh	Wp/srh	35	7	111	0	14	7	1
Wikiquote	ps	Wq/ps	368	30	0	0	147	4	1
Wikipedia	tig	Wp/tig	330	6	0	0	79	4	1
Wiktionary	ab	Wt/ab	125	17	0	0	80	2	1
Wikipedia	udi	Wp/udi	51	23	0	0	8	1	1
Wikipedia	yai	Wp/yai	902	48	0	0	270	19	1
Wikipedia	gdo	Wp/gdo	218	19	0	0	72	7	1
Wiktionary	jkr	Wt/jkr	14	1	0	0	14	14	1
Wikipedia	ibb	Wp/ibb	971	29	0	0	203	2	1
Wikipedia	lif	Wp/lif	142	22	12	0	20	1	1
Wikibooks	scn	Wb/scn	4	3	0	0	2	2	1
Wikivoyage	ba	Wy/ba	418	15	0	0	54	1	1
Wikipedia	mgp	Wp/mgp	70	9	0	0	9	1	1
Wikinews	arz	Wn/arz	2	2	0	0	2	1	1
Wikipedia	nys	Wp/nys	13322	132	371	0	797	3	1
Wikinews	sah	Wn/sah	135	8	0	0	31	1	1
Wikipedia	pst	Wp/pst	17	7	0	0	1	1	1
Wikipedia	sda	Wp/sda	3	2	0	0	1	2	1
Wikipedia	bca	Wp/bca	1455	7	0	-60	900	5	1
Wikiquote	jv	Wq/jv	265	15	0	0	171	1	1
Wikipedia	snd	Wp/snd	12	5	0	0	1	1	1
